<?xml version="1.0" encoding="utf-8" ?>
<asmv1:assembly manifestVersion="1.0"
                xmlns="urn:schemas-microsoft-com:asm.v1"
                xmlns:asmv1="urn:schemas-microsoft-com:asm.v1"
                xmlns:asmv2="urn:schemas-microsoft-com:asm.v2"
                xmlns:xsi="http://www.w3.org/2001/XMLSchema-instance">
    <trustInfo xmlns="urn:schemas-microsoft-com:asm.v2">
        <security>
            <requestedPrivileges
                xmlns="urn:schemas-microsoft-com:asm.v3">
                <requestedExecutionLevel level="asInvoker" uiAccess="false" />
            </requestedPrivileges>
        </security>
    </trustInfo>
    <compatibility xmlns="urn:schemas-microsoft-com:compatibility.v1">
        <application>
            <!-- The ID below indicates application support for Windows Vista -->
            <supportedOS Id="{e2011457-1546-43c5-a5fe-008deee3d3f0}" />
             <!-- The ID below indicates application support for Windows 7 -->
            <supportedOS Id="{35138b9a-5d96-4fbd-8e2d-a2440225f93a}" />
        </application>
    </compatibility>
</asmv1:assembly>
