<?xml version="1.0" encoding="UTF-8" standalone="no"?>
<settings>
    <setting key="console.colored">true</setting>
    <setting key="console.kill-process-if-closed">false</setting>
    <setting key="java.arguments"/>
    <setting key="java.classpath"/>
    <setting key="java.console">false</setting>
    <setting key="java.max-memory">1024</setting>
    <setting key="java.min-memory">128</setting>
    <setting key="java.runtime"/>
    <setting key="java.wrapper-program"/>
    <setting key="console.confirm-kill">true</setting>
    <setting key="launcher.always-more-options">false</setting>
    <setting key="launcher.newsless">false</setting>
    <setting key="launcher.hidenews">false</setting>
    <setting key="lwjgl.debug">false</setting>
    <setting key="window.fullscreen">false</setting>
    <setting key="window.height">480</setting>
    <setting key="window.width">854</setting>
    <setting key="launcher.reopen-after-close">true</setting>
</settings>